"DATE","TIME PERIOD","Compounded euro short-term rate average rate, 12 months tenor (EST.B.EU000A2QQF57.CR)"
"2020-10-01","01 Oct 2020","-0.54162"
"2020-10-02","02 Oct 2020","-0.54164"
"2020-10-05","05 Oct 2020","-0.54168"
"2020-10-06","06 Oct 2020","-0.54171"
"2020-10-07","07 Oct 2020","-0.54167"
"2020-10-08","08 Oct 2020","-0.54168"
"2020-10-09","09 Oct 2020","-0.54168"
"2020-10-12","12 Oct 2020","-0.54171"
"2020-10-13","13 Oct 2020","-0.54174"
"2020-10-14","14 Oct 2020","-0.54172"
"2020-10-15","15 Oct 2020","-0.54174"
"2020-10-16","16 Oct 2020","-0.54176"
"2020-10-19","19 Oct 2020","-0.54181"
"2020-10-20","20 Oct 2020","-0.54183"
"2020-10-21","21 Oct 2020","-0.54183"
"2020-10-22","22 Oct 2020","-0.54184"
"2020-10-23","23 Oct 2020","-0.54186"
"2020-10-26","26 Oct 2020","-0.54191"
"2020-10-27","27 Oct 2020","-0.54193"
"2020-10-28","28 Oct 2020","-0.54193"
"2020-10-29","29 Oct 2020","-0.54195"
"2020-10-30","30 Oct 2020","-0.54197"
"2020-11-02","02 Nov 2020","-0.54207"
"2020-11-03","03 Nov 2020","-0.54210"
"2020-11-04","04 Nov 2020","-0.54209"
"2020-11-05","05 Nov 2020","-0.54214"
"2020-11-06","06 Nov 2020","-0.54219"
"2020-11-09","09 Nov 2020","-0.54233"
"2020-11-10","10 Nov 2020","-0.54236"
"2020-11-11","11 Nov 2020","-0.54244"
"2020-11-12","12 Nov 2020","-0.54248"
"2020-11-13","13 Nov 2020","-0.54251"
"2020-11-16","16 Nov 2020","-0.54266"
"2020-11-17","17 Nov 2020","-0.54270"
"2020-11-18","18 Nov 2020","-0.54277"
"2020-11-19","19 Nov 2020","-0.54281"
"2020-11-20","20 Nov 2020","-0.54285"
"2020-11-23","23 Nov 2020","-0.54305"
"2020-11-24","24 Nov 2020","-0.54308"
"2020-11-25","25 Nov 2020","-0.54319"
"2020-11-26","26 Nov 2020","-0.54324"
"2020-11-27","27 Nov 2020","-0.54331"
"2020-11-30","30 Nov 2020","-0.54347"
"2020-12-01","01 Dec 2020","-0.54362"
"2020-12-02","02 Dec 2020","-0.54365"
"2020-12-03","03 Dec 2020","-0.54369"
"2020-12-04","04 Dec 2020","-0.54374"
"2020-12-07","07 Dec 2020","-0.54384"
"2020-12-08","08 Dec 2020","-0.54387"
"2020-12-09","09 Dec 2020","-0.54395"
"2020-12-10","10 Dec 2020","-0.54399"
"2020-12-11","11 Dec 2020","-0.54402"
"2020-12-14","14 Dec 2020","-0.54412"
"2020-12-15","15 Dec 2020","-0.54415"
"2020-12-16","16 Dec 2020","-0.54419"
"2020-12-17","17 Dec 2020","-0.54423"
"2020-12-18","18 Dec 2020","-0.54428"
"2020-12-21","21 Dec 2020","-0.54441"
"2020-12-22","22 Dec 2020","-0.54444"
"2020-12-23","23 Dec 2020","-0.54453"
"2020-12-24","24 Dec 2020","-0.54456"
"2020-12-28","28 Dec 2020","-0.54463"
"2020-12-29","29 Dec 2020","-0.54465"
"2020-12-30","30 Dec 2020","-0.54472"
"2020-12-31","31 Dec 2020","-0.54476"
"2021-01-04","04 Jan 2021","-0.54525"
"2021-01-05","05 Jan 2021","-0.54530"
"2021-01-06","06 Jan 2021","-0.54543"
"2021-01-07","07 Jan 2021","-0.54551"
"2021-01-08","08 Jan 2021","-0.54557"
"2021-01-11","11 Jan 2021","-0.54574"
"2021-01-12","12 Jan 2021","-0.54578"
"2021-01-13","13 Jan 2021","-0.54591"
"2021-01-14","14 Jan 2021","-0.54598"
"2021-01-15","15 Jan 2021","-0.54605"
"2021-01-18","18 Jan 2021","-0.54625"
"2021-01-19","19 Jan 2021","-0.54630"
"2021-01-20","20 Jan 2021","-0.54644"
"2021-01-21","21 Jan 2021","-0.54651"
"2021-01-22","22 Jan 2021","-0.54658"
"2021-01-25","25 Jan 2021","-0.54674"
"2021-01-26","26 Jan 2021","-0.54678"
"2021-01-27","27 Jan 2021","-0.54691"
"2021-01-28","28 Jan 2021","-0.54698"
"2021-01-29","29 Jan 2021","-0.54704"
"2021-02-01","01 Feb 2021","-0.54731"
"2021-02-02","02 Feb 2021","-0.54735"
"2021-02-03","03 Feb 2021","-0.54739"
"2021-02-04","04 Feb 2021","-0.54744"
"2021-02-05","05 Feb 2021","-0.54752"
"2021-02-08","08 Feb 2021","-0.54772"
"2021-02-09","09 Feb 2021","-0.54775"
"2021-02-10","10 Feb 2021","-0.54790"
"2021-02-11","11 Feb 2021","-0.54797"
"2021-02-12","12 Feb 2021","-0.54804"
"2021-02-15","15 Feb 2021","-0.54820"
"2021-02-16","16 Feb 2021","-0.54823"
"2021-02-17","17 Feb 2021","-0.54838"
"2021-02-18","18 Feb 2021","-0.54844"
"2021-02-19","19 Feb 2021","-0.54851"
"2021-02-22","22 Feb 2021","-0.54867"
"2021-02-23","23 Feb 2021","-0.54871"
"2021-02-24","24 Feb 2021","-0.54885"
"2021-02-25","25 Feb 2021","-0.54891"
"2021-02-26","26 Feb 2021","-0.54898"
"2021-03-01","01 Mar 2021","-0.54927"
"2021-03-02","02 Mar 2021","-0.54929"
"2021-03-03","03 Mar 2021","-0.54936"
"2021-03-04","04 Mar 2021","-0.54942"
"2021-03-05","05 Mar 2021","-0.54949"
"2021-03-08","08 Mar 2021","-0.54960"
"2021-03-09","09 Mar 2021","-0.54971"
"2021-03-10","10 Mar 2021","-0.54976"
"2021-03-11","11 Mar 2021","-0.54982"
"2021-03-12","12 Mar 2021","-0.54987"
"2021-03-15","15 Mar 2021","-0.54998"
"2021-03-16","16 Mar 2021","-0.55011"
"2021-03-17","17 Mar 2021","-0.55018"
"2021-03-18","18 Mar 2021","-0.55026"
"2021-03-19","19 Mar 2021","-0.55036"
"2021-03-22","22 Mar 2021","-0.55053"
"2021-03-23","23 Mar 2021","-0.55080"
"2021-03-24","24 Mar 2021","-0.55091"
"2021-03-25","25 Mar 2021","-0.55101"
"2021-03-26","26 Mar 2021","-0.55111"
"2021-03-29","29 Mar 2021","-0.55129"
"2021-03-30","30 Mar 2021","-0.55153"
"2021-03-31","31 Mar 2021","-0.55165"
"2021-04-01","01 Apr 2021","-0.55179"
"2021-04-06","06 Apr 2021","-0.55220"
"2021-04-07","07 Apr 2021","-0.55229"
"2021-04-08","08 Apr 2021","-0.55239"
"2021-04-09","09 Apr 2021","-0.55248"
"2021-04-12","12 Apr 2021","-0.55258"
"2021-04-13","13 Apr 2021","-0.55261"
"2021-04-14","14 Apr 2021","-0.55290"
"2021-04-15","15 Apr 2021","-0.55297"
"2021-04-16","16 Apr 2021","-0.55306"
"2021-04-19","19 Apr 2021","-0.55319"
"2021-04-20","20 Apr 2021","-0.55337"
"2021-04-21","21 Apr 2021","-0.55344"
"2021-04-22","22 Apr 2021","-0.55350"
"2021-04-23","23 Apr 2021","-0.55358"
"2021-04-26","26 Apr 2021","-0.55369"
"2021-04-27","27 Apr 2021","-0.55386"
"2021-04-28","28 Apr 2021","-0.55392"
"2021-04-29","29 Apr 2021","-0.55399"
"2021-04-30","30 Apr 2021","-0.55405"
"2021-05-03","03 May 2021","-0.55443"
"2021-05-04","04 May 2021","-0.55446"
"2021-05-05","05 May 2021","-0.55452"
"2021-05-06","06 May 2021","-0.55459"
"2021-05-07","07 May 2021","-0.55465"
"2021-05-10","10 May 2021","-0.55474"
"2021-05-11","11 May 2021","-0.55490"
"2021-05-12","12 May 2021","-0.55496"
"2021-05-13","13 May 2021","-0.55502"
"2021-05-14","14 May 2021","-0.55508"
"2021-05-17","17 May 2021","-0.55517"
"2021-05-18","18 May 2021","-0.55531"
"2021-05-19","19 May 2021","-0.55536"
"2021-05-20","20 May 2021","-0.55542"
"2021-05-21","21 May 2021","-0.55547"
"2021-05-24","24 May 2021","-0.55555"
"2021-05-25","25 May 2021","-0.55573"
"2021-05-26","26 May 2021","-0.55580"
"2021-05-27","27 May 2021","-0.55586"
"2021-05-28","28 May 2021","-0.55592"
"2021-05-31","31 May 2021","-0.55603"
"2021-06-01","01 Jun 2021","-0.55622"
"2021-06-02","02 Jun 2021","-0.55627"
"2021-06-03","03 Jun 2021","-0.55632"
"2021-06-04","04 Jun 2021","-0.55638"
"2021-06-07","07 Jun 2021","-0.55645"
"2021-06-08","08 Jun 2021","-0.55659"
"2021-06-09","09 Jun 2021","-0.55663"
"2021-06-10","10 Jun 2021","-0.55669"
"2021-06-11","11 Jun 2021","-0.55672"
"2021-06-14","14 Jun 2021","-0.55681"
"2021-06-15","15 Jun 2021","-0.55694"
"2021-06-16","16 Jun 2021","-0.55697"
"2021-06-17","17 Jun 2021","-0.55702"
"2021-06-18","18 Jun 2021","-0.55707"
"2021-06-21","21 Jun 2021","-0.55714"
"2021-06-22","22 Jun 2021","-0.55726"
"2021-06-23","23 Jun 2021","-0.55732"
"2021-06-24","24 Jun 2021","-0.55737"
"2021-06-25","25 Jun 2021","-0.55742"
"2021-06-28","28 Jun 2021","-0.55749"
"2021-06-29","29 Jun 2021","-0.55762"
"2021-06-30","30 Jun 2021","-0.55768"
"2021-07-01","01 Jul 2021","-0.55775"
"2021-07-02","02 Jul 2021","-0.55780"
"2021-07-05","05 Jul 2021","-0.55787"
"2021-07-06","06 Jul 2021","-0.55798"
"2021-07-07","07 Jul 2021","-0.55802"
"2021-07-08","08 Jul 2021","-0.55806"
"2021-07-09","09 Jul 2021","-0.55811"
"2021-07-12","12 Jul 2021","-0.55818"
"2021-07-13","13 Jul 2021","-0.55830"
"2021-07-14","14 Jul 2021","-0.55833"
"2021-07-15","15 Jul 2021","-0.55838"
"2021-07-16","16 Jul 2021","-0.55842"
"2021-07-19","19 Jul 2021","-0.55852"
"2021-07-20","20 Jul 2021","-0.55862"
"2021-07-21","21 Jul 2021","-0.55866"
"2021-07-22","22 Jul 2021","-0.55871"
"2021-07-23","23 Jul 2021","-0.55875"
"2021-07-26","26 Jul 2021","-0.55882"
"2021-07-27","27 Jul 2021","-0.55892"
"2021-07-28","28 Jul 2021","-0.55895"
"2021-07-29","29 Jul 2021","-0.55900"
"2021-07-30","30 Jul 2021","-0.55903"
"2021-08-02","02 Aug 2021","-0.55923"
"2021-08-03","03 Aug 2021","-0.55924"
"2021-08-04","04 Aug 2021","-0.55929"
"2021-08-05","05 Aug 2021","-0.55934"
"2021-08-06","06 Aug 2021","-0.55938"
"2021-08-09","09 Aug 2021","-0.55946"
"2021-08-10","10 Aug 2021","-0.55955"
"2021-08-11","11 Aug 2021","-0.55959"
"2021-08-12","12 Aug 2021","-0.55963"
"2021-08-13","13 Aug 2021","-0.55967"
"2021-08-16","16 Aug 2021","-0.55975"
"2021-08-17","17 Aug 2021","-0.55988"
"2021-08-18","18 Aug 2021","-0.55992"
"2021-08-19","19 Aug 2021","-0.55996"
"2021-08-20","20 Aug 2021","-0.56000"
"2021-08-23","23 Aug 2021","-0.56005"
"2021-08-24","24 Aug 2021","-0.56014"
"2021-08-25","25 Aug 2021","-0.56018"
"2021-08-26","26 Aug 2021","-0.56021"
"2021-08-27","27 Aug 2021","-0.56026"
"2021-08-30","30 Aug 2021","-0.56034"
"2021-08-31","31 Aug 2021","-0.56045"
"2021-09-01","01 Sep 2021","-0.56048"
"2021-09-02","02 Sep 2021","-0.56052"
"2021-09-03","03 Sep 2021","-0.56056"
"2021-09-06","06 Sep 2021","-0.56063"
"2021-09-07","07 Sep 2021","-0.56074"
"2021-09-08","08 Sep 2021","-0.56079"
"2021-09-09","09 Sep 2021","-0.56084"
"2021-09-10","10 Sep 2021","-0.56088"
"2021-09-13","13 Sep 2021","-0.56095"
"2021-09-14","14 Sep 2021","-0.56106"
"2021-09-15","15 Sep 2021","-0.56110"
"2021-09-16","16 Sep 2021","-0.56116"
"2021-09-17","17 Sep 2021","-0.56119"
"2021-09-20","20 Sep 2021","-0.56127"
"2021-09-21","21 Sep 2021","-0.56138"
"2021-09-22","22 Sep 2021","-0.56143"
"2021-09-23","23 Sep 2021","-0.56147"
"2021-09-24","24 Sep 2021","-0.56152"
"2021-09-27","27 Sep 2021","-0.56159"
"2021-09-28","28 Sep 2021","-0.56169"
"2021-09-29","29 Sep 2021","-0.56174"
"2021-09-30","30 Sep 2021","-0.56179"
"2021-10-01","01 Oct 2021","-0.56181"
"2021-10-04","04 Oct 2021","-0.56188"
"2021-10-05","05 Oct 2021","-0.56197"
"2021-10-06","06 Oct 2021","-0.56201"
"2021-10-07","07 Oct 2021","-0.56205"
"2021-10-08","08 Oct 2021","-0.56208"
"2021-10-11","11 Oct 2021","-0.56214"
"2021-10-12","12 Oct 2021","-0.56225"
"2021-10-13","13 Oct 2021","-0.56227"
"2021-10-14","14 Oct 2021","-0.56231"
"2021-10-15","15 Oct 2021","-0.56234"
"2021-10-18","18 Oct 2021","-0.56242"
"2021-10-19","19 Oct 2021","-0.56255"
"2021-10-20","20 Oct 2021","-0.56260"
"2021-10-21","21 Oct 2021","-0.56265"
"2021-10-22","22 Oct 2021","-0.56271"
"2021-10-25","25 Oct 2021","-0.56277"
"2021-10-26","26 Oct 2021","-0.56289"
"2021-10-27","27 Oct 2021","-0.56294"
"2021-10-28","28 Oct 2021","-0.56299"
"2021-10-29","29 Oct 2021","-0.56304"
"2021-11-01","01 Nov 2021","-0.56325"
"2021-11-02","02 Nov 2021","-0.56328"
"2021-11-03","03 Nov 2021","-0.56332"
"2021-11-04","04 Nov 2021","-0.56338"
"2021-11-05","05 Nov 2021","-0.56342"
"2021-11-08","08 Nov 2021","-0.56349"
"2021-11-09","09 Nov 2021","-0.56358"
"2021-11-10","10 Nov 2021","-0.56363"
"2021-11-11","11 Nov 2021","-0.56368"
"2021-11-12","12 Nov 2021","-0.56373"
"2021-11-15","15 Nov 2021","-0.56382"
"2021-11-16","16 Nov 2021","-0.56392"
"2021-11-17","17 Nov 2021","-0.56395"
"2021-11-18","18 Nov 2021","-0.56399"
"2021-11-19","19 Nov 2021","-0.56403"
"2021-11-22","22 Nov 2021","-0.56410"
"2021-11-23","23 Nov 2021","-0.56420"
"2021-11-24","24 Nov 2021","-0.56425"
"2021-11-25","25 Nov 2021","-0.56429"
"2021-11-26","26 Nov 2021","-0.56434"
"2021-11-29","29 Nov 2021","-0.56441"
"2021-11-30","30 Nov 2021","-0.56452"
"2021-12-01","01 Dec 2021","-0.56456"
"2021-12-02","02 Dec 2021","-0.56460"
"2021-12-03","03 Dec 2021","-0.56465"
"2021-12-06","06 Dec 2021","-0.56477"
"2021-12-07","07 Dec 2021","-0.56490"
"2021-12-08","08 Dec 2021","-0.56496"
"2021-12-09","09 Dec 2021","-0.56501"
"2021-12-10","10 Dec 2021","-0.56507"
"2021-12-13","13 Dec 2021","-0.56518"
"2021-12-14","14 Dec 2021","-0.56530"
"2021-12-15","15 Dec 2021","-0.56535"
"2021-12-16","16 Dec 2021","-0.56542"
"2021-12-17","17 Dec 2021","-0.56547"
"2021-12-20","20 Dec 2021","-0.56557"
"2021-12-21","21 Dec 2021","-0.56568"
"2021-12-22","22 Dec 2021","-0.56571"
"2021-12-23","23 Dec 2021","-0.56576"
"2021-12-24","24 Dec 2021","-0.56580"
"2021-12-27","27 Dec 2021","-0.56589"
"2021-12-28","28 Dec 2021","-0.56607"
"2021-12-29","29 Dec 2021","-0.56613"
"2021-12-30","30 Dec 2021","-0.56618"
"2021-12-31","31 Dec 2021","-0.56625"
"2022-01-03","03 Jan 2022","-0.56627"
"2022-01-04","04 Jan 2022","-0.56629"
"2022-01-05","05 Jan 2022","-0.56633"
"2022-01-06","06 Jan 2022","-0.56637"
"2022-01-07","07 Jan 2022","-0.56640"
"2022-01-10","10 Jan 2022","-0.56650"
"2022-01-11","11 Jan 2022","-0.56659"
"2022-01-12","12 Jan 2022","-0.56663"
"2022-01-13","13 Jan 2022","-0.56667"
"2022-01-14","14 Jan 2022","-0.56671"
"2022-01-17","17 Jan 2022","-0.56679"
"2022-01-18","18 Jan 2022","-0.56685"
"2022-01-19","19 Jan 2022","-0.56689"
"2022-01-20","20 Jan 2022","-0.56692"
"2022-01-21","21 Jan 2022","-0.56696"
"2022-01-24","24 Jan 2022","-0.56706"
"2022-01-25","25 Jan 2022","-0.56716"
"2022-01-26","26 Jan 2022","-0.56720"
"2022-01-27","27 Jan 2022","-0.56725"
"2022-01-28","28 Jan 2022","-0.56727"
"2022-01-31","31 Jan 2022","-0.56732"
"2022-02-01","01 Feb 2022","-0.56739"
"2022-02-02","02 Feb 2022","-0.56743"
"2022-02-03","03 Feb 2022","-0.56747"
"2022-02-04","04 Feb 2022","-0.56752"
"2022-02-07","07 Feb 2022","-0.56759"
"2022-02-08","08 Feb 2022","-0.56766"
"2022-02-09","09 Feb 2022","-0.56769"
"2022-02-10","10 Feb 2022","-0.56773"
"2022-02-11","11 Feb 2022","-0.56775"
"2022-02-14","14 Feb 2022","-0.56782"
"2022-02-15","15 Feb 2022","-0.56790"
"2022-02-16","16 Feb 2022","-0.56794"
"2022-02-17","17 Feb 2022","-0.56797"
"2022-02-18","18 Feb 2022","-0.56801"
"2022-02-21","21 Feb 2022","-0.56807"
"2022-02-22","22 Feb 2022","-0.56815"
"2022-02-23","23 Feb 2022","-0.56818"
"2022-02-24","24 Feb 2022","-0.56821"
"2022-02-25","25 Feb 2022","-0.56824"
"2022-02-28","28 Feb 2022","-0.56829"
"2022-03-01","01 Mar 2022","-0.56836"
"2022-03-02","02 Mar 2022","-0.56840"
"2022-03-03","03 Mar 2022","-0.56843"
"2022-03-04","04 Mar 2022","-0.56847"
"2022-03-07","07 Mar 2022","-0.56853"
"2022-03-08","08 Mar 2022","-0.56863"
"2022-03-09","09 Mar 2022","-0.56869"
"2022-03-10","10 Mar 2022","-0.56874"
"2022-03-11","11 Mar 2022","-0.56878"
"2022-03-14","14 Mar 2022","-0.56885"
"2022-03-15","15 Mar 2022","-0.56895"
"2022-03-16","16 Mar 2022","-0.56897"
"2022-03-17","17 Mar 2022","-0.56901"
"2022-03-18","18 Mar 2022","-0.56906"
"2022-03-21","21 Mar 2022","-0.56912"
"2022-03-22","22 Mar 2022","-0.56920"
"2022-03-23","23 Mar 2022","-0.56923"
"2022-03-24","24 Mar 2022","-0.56927"
"2022-03-25","25 Mar 2022","-0.56931"
"2022-03-28","28 Mar 2022","-0.56940"
"2022-03-29","29 Mar 2022","-0.56946"
"2022-03-30","30 Mar 2022","-0.56949"
"2022-03-31","31 Mar 2022","-0.56951"
"2022-04-01","01 Apr 2022","-0.56956"
"2022-04-04","04 Apr 2022","-0.56964"
"2022-04-05","05 Apr 2022","-0.56967"
"2022-04-06","06 Apr 2022","-0.56980"
"2022-04-07","07 Apr 2022","-0.56985"
"2022-04-08","08 Apr 2022","-0.56989"
"2022-04-11","11 Apr 2022","-0.56998"
"2022-04-12","12 Apr 2022","-0.57005"
"2022-04-13","13 Apr 2022","-0.57009"
"2022-04-14","14 Apr 2022","-0.57015"
"2022-04-19","19 Apr 2022","-0.57045"
"2022-04-20","20 Apr 2022","-0.57048"
"2022-04-21","21 Apr 2022","-0.57053"
"2022-04-22","22 Apr 2022","-0.57058"
"2022-04-25","25 Apr 2022","-0.57068"
"2022-04-26","26 Apr 2022","-0.57078"
"2022-04-27","27 Apr 2022","-0.57082"
"2022-04-28","28 Apr 2022","-0.57089"
"2022-04-29","29 Apr 2022","-0.57093"
"2022-05-02","02 May 2022","-0.57110"
"2022-05-03","03 May 2022","-0.57112"
"2022-05-04","04 May 2022","-0.57115"
"2022-05-05","05 May 2022","-0.57121"
"2022-05-06","06 May 2022","-0.57126"
"2022-05-09","09 May 2022","-0.57137"
"2022-05-10","10 May 2022","-0.57150"
"2022-05-11","11 May 2022","-0.57154"
"2022-05-12","12 May 2022","-0.57160"
"2022-05-13","13 May 2022","-0.57163"
"2022-05-16","16 May 2022","-0.57175"
"2022-05-17","17 May 2022","-0.57187"
"2022-05-18","18 May 2022","-0.57192"
"2022-05-19","19 May 2022","-0.57200"
"2022-05-20","20 May 2022","-0.57206"
"2022-05-23","23 May 2022","-0.57217"
"2022-05-24","24 May 2022","-0.57229"
"2022-05-25","25 May 2022","-0.57235"
"2022-05-26","26 May 2022","-0.57241"
"2022-05-27","27 May 2022","-0.57248"
"2022-05-30","30 May 2022","-0.57258"
"2022-05-31","31 May 2022","-0.57269"
"2022-06-01","01 Jun 2022","-0.57274"
"2022-06-02","02 Jun 2022","-0.57279"
"2022-06-03","03 Jun 2022","-0.57285"
"2022-06-06","06 Jun 2022","-0.57297"
"2022-06-07","07 Jun 2022","-0.57312"
"2022-06-08","08 Jun 2022","-0.57317"
"2022-06-09","09 Jun 2022","-0.57322"
"2022-06-10","10 Jun 2022","-0.57327"
"2022-06-13","13 Jun 2022","-0.57335"
"2022-06-14","14 Jun 2022","-0.57344"
"2022-06-15","15 Jun 2022","-0.57348"
"2022-06-16","16 Jun 2022","-0.57353"
"2022-06-17","17 Jun 2022","-0.57359"
"2022-06-20","20 Jun 2022","-0.57367"
"2022-06-21","21 Jun 2022","-0.57379"
"2022-06-22","22 Jun 2022","-0.57384"
"2022-06-23","23 Jun 2022","-0.57388"
"2022-06-24","24 Jun 2022","-0.57392"
"2022-06-27","27 Jun 2022","-0.57398"
"2022-06-28","28 Jun 2022","-0.57408"
"2022-06-29","29 Jun 2022","-0.57412"
"2022-06-30","30 Jun 2022","-0.57415"
"2022-07-01","01 Jul 2022","-0.57418"
"2022-07-04","04 Jul 2022","-0.57423"
"2022-07-05","05 Jul 2022","-0.57434"
"2022-07-06","06 Jul 2022","-0.57438"
"2022-07-07","07 Jul 2022","-0.57442"
"2022-07-08","08 Jul 2022","-0.57446"
"2022-07-11","11 Jul 2022","-0.57450"
"2022-07-12","12 Jul 2022","-0.57460"
"2022-07-13","13 Jul 2022","-0.57464"
"2022-07-14","14 Jul 2022","-0.57468"
"2022-07-15","15 Jul 2022","-0.57472"
"2022-07-18","18 Jul 2022","-0.57478"
"2022-07-19","19 Jul 2022","-0.57489"
"2022-07-20","20 Jul 2022","-0.57493"
"2022-07-21","21 Jul 2022","-0.57497"
"2022-07-22","22 Jul 2022","-0.57502"
"2022-07-25","25 Jul 2022","-0.57509"
"2022-07-26","26 Jul 2022","-0.57519"
"2022-07-27","27 Jul 2022","-0.57523"
"2022-07-28","28 Jul 2022","-0.57393"
"2022-07-29","29 Jul 2022","-0.57262"
"2022-08-01","01 Aug 2022","-0.56871"
"2022-08-02","02 Aug 2022","-0.56739"
"2022-08-03","03 Aug 2022","-0.56609"
"2022-08-04","04 Aug 2022","-0.56478"
"2022-08-05","05 Aug 2022","-0.56345"
"2022-08-08","08 Aug 2022","-0.55954"
"2022-08-09","09 Aug 2022","-0.55819"
"2022-08-10","10 Aug 2022","-0.55687"
"2022-08-11","11 Aug 2022","-0.55556"
"2022-08-12","12 Aug 2022","-0.55425"
"2022-08-15","15 Aug 2022","-0.55040"
"2022-08-16","16 Aug 2022","-0.54901"
"2022-08-17","17 Aug 2022","-0.54770"
"2022-08-18","18 Aug 2022","-0.54639"
"2022-08-19","19 Aug 2022","-0.54507"
"2022-08-22","22 Aug 2022","-0.54125"
"2022-08-23","23 Aug 2022","-0.53980"
"2022-08-24","24 Aug 2022","-0.53847"
"2022-08-25","25 Aug 2022","-0.53715"
"2022-08-26","26 Aug 2022","-0.53583"
"2022-08-29","29 Aug 2022","-0.53202"
"2022-08-30","30 Aug 2022","-0.53049"
"2022-08-31","31 Aug 2022","-0.52917"
"2022-09-01","01 Sep 2022","-0.52787"
"2022-09-02","02 Sep 2022","-0.52655"
"2022-09-05","05 Sep 2022","-0.52281"
"2022-09-06","06 Sep 2022","-0.52127"
"2022-09-07","07 Sep 2022","-0.51995"
"2022-09-08","08 Sep 2022","-0.51860"
"2022-09-09","09 Sep 2022","-0.51729"
"2022-09-12","12 Sep 2022","-0.51361"
"2022-09-13","13 Sep 2022","-0.51200"
"2022-09-14","14 Sep 2022","-0.51067"
"2022-09-15","15 Sep 2022","-0.50732"
"2022-09-16","16 Sep 2022","-0.50396"
"2022-09-19","19 Sep 2022","-0.49431"
"2022-09-20","20 Sep 2022","-0.49056"
"2022-09-21","21 Sep 2022","-0.48722"
"2022-09-22","22 Sep 2022","-0.48386"
"2022-09-23","23 Sep 2022","-0.48051"
"2022-09-26","26 Sep 2022","-0.47096"
"2022-09-27","27 Sep 2022","-0.46708"
"2022-09-28","28 Sep 2022","-0.46372"
"2022-09-29","29 Sep 2022","-0.46035"
"2022-09-30","30 Sep 2022","-0.45699"
"2022-10-03","03 Oct 2022","-0.44770"
"2022-10-04","04 Oct 2022","-0.44369"
"2022-10-05","05 Oct 2022","-0.44035"
"2022-10-06","06 Oct 2022","-0.43702"
"2022-10-07","07 Oct 2022","-0.43368"
"2022-10-10","10 Oct 2022","-0.42444"
"2022-10-11","11 Oct 2022","-0.42033"
"2022-10-12","12 Oct 2022","-0.41698"
"2022-10-13","13 Oct 2022","-0.41365"
"2022-10-14","14 Oct 2022","-0.41031"
"2022-10-17","17 Oct 2022","-0.40117"
"2022-10-18","18 Oct 2022","-0.39689"
"2022-10-19","19 Oct 2022","-0.39354"
"2022-10-20","20 Oct 2022","-0.39018"
"2022-10-21","21 Oct 2022","-0.38683"
"2022-10-24","24 Oct 2022","-0.37782"
"2022-10-25","25 Oct 2022","-0.37344"
"2022-10-26","26 Oct 2022","-0.37009"
"2022-10-27","27 Oct 2022","-0.36674"
"2022-10-28","28 Oct 2022","-0.36338"
"2022-10-31","31 Oct 2022","-0.35450"
"2022-11-01","01 Nov 2022","-0.34994"
"2022-11-02","02 Nov 2022","-0.34656"
"2022-11-03","03 Nov 2022","-0.34118"
"2022-11-04","04 Nov 2022","-0.33578"
"2022-11-07","07 Nov 2022","-0.32098"
"2022-11-08","08 Nov 2022","-0.31423"
"2022-11-09","09 Nov 2022","-0.30884"
"2022-11-10","10 Nov 2022","-0.30345"
"2022-11-11","11 Nov 2022","-0.29804"
"2022-11-14","14 Nov 2022","-0.28341"
"2022-11-15","15 Nov 2022","-0.27645"
"2022-11-16","16 Nov 2022","-0.27107"
"2022-11-17","17 Nov 2022","-0.26568"
"2022-11-18","18 Nov 2022","-0.26029"
"2022-11-21","21 Nov 2022","-0.24588"
"2022-11-22","22 Nov 2022","-0.23870"
"2022-11-23","23 Nov 2022","-0.23330"
"2022-11-24","24 Nov 2022","-0.22789"
"2022-11-25","25 Nov 2022","-0.22249"
"2022-11-28","28 Nov 2022","-0.20827"
"2022-11-29","29 Nov 2022","-0.20088"
"2022-11-30","30 Nov 2022","-0.19548"
"2022-12-01","01 Dec 2022","-0.19010"
"2022-12-02","02 Dec 2022","-0.18471"
"2022-12-05","05 Dec 2022","-0.17071"
"2022-12-06","06 Dec 2022","-0.16308"
"2022-12-07","07 Dec 2022","-0.15766"
"2022-12-08","08 Dec 2022","-0.15225"
"2022-12-09","09 Dec 2022","-0.14684"
"2022-12-12","12 Dec 2022","-0.13304"
"2022-12-13","13 Dec 2022","-0.12520"
"2022-12-14","14 Dec 2022","-0.11979"
"2022-12-15","15 Dec 2022","-0.11437"
"2022-12-16","16 Dec 2022","-0.10896"
"2022-12-19","19 Dec 2022","-0.09534"
"2022-12-20","20 Dec 2022","-0.08730"
"2022-12-21","21 Dec 2022","-0.08188"
"2022-12-22","22 Dec 2022","-0.07511"
"2022-12-23","23 Dec 2022","-0.06832"
"2022-12-27","27 Dec 2022","-0.04110"
"2022-12-28","28 Dec 2022","-0.03430"
"2022-12-29","29 Dec 2022","-0.02751"
"2022-12-30","30 Dec 2022","-0.02070"
"2023-01-02","02 Jan 2023","0.00127"
"2023-01-03","03 Jan 2023","0.00649"
"2023-01-04","04 Jan 2023","0.01329"
"2023-01-05","05 Jan 2023","0.02009"
"2023-01-06","06 Jan 2023","0.02688"
"2023-01-09","09 Jan 2023","0.04383"
"2023-01-10","10 Jan 2023","0.05404"
"2023-01-11","11 Jan 2023","0.06084"
"2023-01-12","12 Jan 2023","0.06764"
"2023-01-13","13 Jan 2023","0.07443"
"2023-01-16","16 Jan 2023","0.09115"
"2023-01-17","17 Jan 2023","0.10162"
"2023-01-18","18 Jan 2023","0.10842"
"2023-01-19","19 Jan 2023","0.11523"
"2023-01-20","20 Jan 2023","0.12203"
"2023-01-23","23 Jan 2023","0.13852"
"2023-01-24","24 Jan 2023","0.14927"
"2023-01-25","25 Jan 2023","0.15608"
"2023-01-26","26 Jan 2023","0.16289"
"2023-01-27","27 Jan 2023","0.16970"
"2023-01-30","30 Jan 2023","0.18594"
"2023-01-31","31 Jan 2023","0.19691"
"2023-02-01","01 Feb 2023","0.20370"
"2023-02-02","02 Feb 2023","0.21050"
"2023-02-03","03 Feb 2023","0.21731"
"2023-02-06","06 Feb 2023","0.23325"
"2023-02-07","07 Feb 2023","0.24451"
"2023-02-08","08 Feb 2023","0.25132"
"2023-02-09","09 Feb 2023","0.25950"
"2023-02-10","10 Feb 2023","0.26768"
"2023-02-13","13 Feb 2023","0.28746"
"2023-02-14","14 Feb 2023","0.30040"
"2023-02-15","15 Feb 2023","0.30858"
"2023-02-16","16 Feb 2023","0.31677"
"2023-02-17","17 Feb 2023","0.32495"
"2023-02-20","20 Feb 2023","0.34443"
"2023-02-21","21 Feb 2023","0.35766"
"2023-02-22","22 Feb 2023","0.36584"
"2023-02-23","23 Feb 2023","0.37402"
"2023-02-24","24 Feb 2023","0.38220"
"2023-02-27","27 Feb 2023","0.40137"
"2023-02-28","28 Feb 2023","0.41491"
"2023-03-01","01 Mar 2023","0.42308"
"2023-03-02","02 Mar 2023","0.43126"
"2023-03-03","03 Mar 2023","0.43946"
"2023-03-06","06 Mar 2023","0.45835"
"2023-03-07","07 Mar 2023","0.47223"
"2023-03-08","08 Mar 2023","0.48043"
"2023-03-09","09 Mar 2023","0.48863"
"2023-03-10","10 Mar 2023","0.49683"
"2023-03-13","13 Mar 2023","0.51545"
"2023-03-14","14 Mar 2023","0.52965"
"2023-03-15","15 Mar 2023","0.53785"
"2023-03-16","16 Mar 2023","0.54604"
"2023-03-17","17 Mar 2023","0.55424"
"2023-03-20","20 Mar 2023","0.57255"
"2023-03-21","21 Mar 2023","0.58708"
"2023-03-22","22 Mar 2023","0.59528"
"2023-03-23","23 Mar 2023","0.60486"
"2023-03-24","24 Mar 2023","0.61445"
"2023-03-27","27 Mar 2023","0.63653"
"2023-03-28","28 Mar 2023","0.65282"
"2023-03-29","29 Mar 2023","0.66240"
"2023-03-30","30 Mar 2023","0.67198"
"2023-03-31","31 Mar 2023","0.68156"
"2023-04-03","03 Apr 2023","0.70321"
"2023-04-04","04 Apr 2023","0.71988"
"2023-04-05","05 Apr 2023","0.72949"
"2023-04-06","06 Apr 2023","0.73912"
"2023-04-11","11 Apr 2023","0.78724"
"2023-04-12","12 Apr 2023","0.79685"
"2023-04-13","13 Apr 2023","0.80646"
"2023-04-14","14 Apr 2023","0.81609"
"2023-04-17","17 Apr 2023","0.83324"
"2023-04-18","18 Apr 2023","0.83890"
"2023-04-19","19 Apr 2023","0.86421"
"2023-04-20","20 Apr 2023","0.87383"
"2023-04-21","21 Apr 2023","0.88347"
"2023-04-24","24 Apr 2023","0.90420"
"2023-04-25","25 Apr 2023","0.92202"
"2023-04-26","26 Apr 2023","0.93166"
"2023-04-27","27 Apr 2023","0.94129"
"2023-04-28","28 Apr 2023","0.95092"
"2023-05-02","02 May 2023","0.98942"
"2023-05-03","03 May 2023","0.99905"
"2023-05-04","04 May 2023","1.00867"
"2023-05-05","05 May 2023","1.01830"
"2023-05-08","08 May 2023","1.03830"
"2023-05-09","09 May 2023","1.05686"
"2023-05-10","10 May 2023","1.06649"
"2023-05-11","11 May 2023","1.07682"
"2023-05-12","12 May 2023","1.08715"
"2023-05-15","15 May 2023","1.10883"
"2023-05-16","16 May 2023","1.12849"
"2023-05-17","17 May 2023","1.13883"
"2023-05-18","18 May 2023","1.14919"
"2023-05-19","19 May 2023","1.15955"
"2023-05-22","22 May 2023","1.18090"
"2023-05-23","23 May 2023","1.20097"
"2023-05-24","24 May 2023","1.21135"
"2023-05-25","25 May 2023","1.22171"
"2023-05-26","26 May 2023","1.23207"
"2023-05-29","29 May 2023","1.25307"
"2023-05-30","30 May 2023","1.27354"
"2023-05-31","31 May 2023","1.28390"
"2023-06-01","01 Jun 2023","1.29426"
"2023-06-02","02 Jun 2023","1.30462"
"2023-06-05","05 Jun 2023","1.32519"
"2023-06-06","06 Jun 2023","1.34609"
"2023-06-07","07 Jun 2023","1.35646"
"2023-06-08","08 Jun 2023","1.36681"
"2023-06-09","09 Jun 2023","1.37717"
"2023-06-12","12 Jun 2023","1.39735"
"2023-06-13","13 Jun 2023","1.41860"
"2023-06-14","14 Jun 2023","1.42896"
"2023-06-15","15 Jun 2023","1.43932"
"2023-06-16","16 Jun 2023","1.44968"
"2023-06-19","19 Jun 2023","1.46947"
"2023-06-20","20 Jun 2023","1.49112"
"2023-06-21","21 Jun 2023","1.50148"
"2023-06-22","22 Jun 2023","1.51254"
"2023-06-23","23 Jun 2023","1.52360"
"2023-06-26","26 Jun 2023","1.54512"
"2023-06-27","27 Jun 2023","1.56789"
"2023-06-28","28 Jun 2023","1.57896"
"2023-06-29","29 Jun 2023","1.59004"
"2023-06-30","30 Jun 2023","1.60111"
"2023-07-03","03 Jul 2023","1.62227"
"2023-07-04","04 Jul 2023","1.64547"
"2023-07-05","05 Jul 2023","1.65656"
"2023-07-06","06 Jul 2023","1.66766"
"2023-07-07","07 Jul 2023","1.67876"
"2023-07-10","10 Jul 2023","1.69954"
"2023-07-11","11 Jul 2023","1.72317"
"2023-07-12","12 Jul 2023","1.73428"
"2023-07-13","13 Jul 2023","1.74539"
"2023-07-14","14 Jul 2023","1.75649"
"2023-07-17","17 Jul 2023","1.77684"
"2023-07-18","18 Jul 2023","1.80093"
"2023-07-19","19 Jul 2023","1.81203"
"2023-07-20","20 Jul 2023","1.82315"
"2023-07-21","21 Jul 2023","1.83427"
"2023-07-24","24 Jul 2023","1.85423"
"2023-07-25","25 Jul 2023","1.87877"
"2023-07-26","26 Jul 2023","1.88991"
"2023-07-27","27 Jul 2023","1.90103"
"2023-07-28","28 Jul 2023","1.91077"
"2023-07-31","31 Jul 2023","1.92896"
"2023-08-01","01 Aug 2023","1.94977"
"2023-08-02","02 Aug 2023","1.95953"
"2023-08-03","03 Aug 2023","1.96998"
"2023-08-04","04 Aug 2023","1.98044"
"2023-08-07","07 Aug 2023","2.00034"
"2023-08-08","08 Aug 2023","2.02222"
"2023-08-09","09 Aug 2023","2.03267"
"2023-08-10","10 Aug 2023","2.04311"
"2023-08-11","11 Aug 2023","2.05357"
"2023-08-14","14 Aug 2023","2.07309"
"2023-08-15","15 Aug 2023","2.09542"
"2023-08-16","16 Aug 2023","2.10590"
"2023-08-17","17 Aug 2023","2.11637"
"2023-08-18","18 Aug 2023","2.12684"
"2023-08-21","21 Aug 2023","2.14600"
"2023-08-22","22 Aug 2023","2.16870"
"2023-08-23","23 Aug 2023","2.17916"
"2023-08-24","24 Aug 2023","2.18961"
"2023-08-25","25 Aug 2023","2.20006"
"2023-08-28","28 Aug 2023","2.21881"
"2023-08-29","29 Aug 2023","2.24187"
"2023-08-30","30 Aug 2023","2.25233"
"2023-08-31","31 Aug 2023","2.26280"
"2023-09-01","01 Sep 2023","2.27327"
"2023-09-04","04 Sep 2023","2.29166"
"2023-09-05","05 Sep 2023","2.31515"
"2023-09-06","06 Sep 2023","2.32563"
"2023-09-07","07 Sep 2023","2.33611"
"2023-09-08","08 Sep 2023","2.34657"
"2023-09-11","11 Sep 2023","2.36459"
"2023-09-12","12 Sep 2023","2.38851"
"2023-09-13","13 Sep 2023","2.39901"
"2023-09-14","14 Sep 2023","2.40949"
"2023-09-15","15 Sep 2023","2.41788"
"2023-09-18","18 Sep 2023","2.43343"
"2023-09-19","19 Sep 2023","2.45145"
"2023-09-20","20 Sep 2023","2.45986"
"2023-09-21","21 Sep 2023","2.46896"
"2023-09-22","22 Sep 2023","2.47806"
"2023-09-25","25 Sep 2023","2.49543"
"2023-09-26","26 Sep 2023","2.51449"
"2023-09-27","27 Sep 2023","2.52360"
"2023-09-28","28 Sep 2023","2.53271"
"2023-09-29","29 Sep 2023","2.54183"
"2023-10-02","02 Oct 2023","2.57432"
"2023-10-03","03 Oct 2023","2.57823"
"2023-10-04","04 Oct 2023","2.58735"
"2023-10-05","05 Oct 2023","2.59647"
"2023-10-06","06 Oct 2023","2.60560"
"2023-10-09","09 Oct 2023","2.62228"
"2023-10-10","10 Oct 2023","2.64209"
"2023-10-11","11 Oct 2023","2.65121"
"2023-10-12","12 Oct 2023","2.66034"
"2023-10-13","13 Oct 2023","2.66946"
"2023-10-16","16 Oct 2023","2.68584"
"2023-10-17","17 Oct 2023","2.70599"
"2023-10-18","18 Oct 2023","2.71513"
"2023-10-19","19 Oct 2023","2.72427"
"2023-10-20","20 Oct 2023","2.73342"
"2023-10-23","23 Oct 2023","2.74949"
"2023-10-24","24 Oct 2023","2.77000"
"2023-10-25","25 Oct 2023","2.77914"
"2023-10-26","26 Oct 2023","2.78828"
"2023-10-27","27 Oct 2023","2.79742"
"2023-10-30","30 Oct 2023","2.81315"
"2023-10-31","31 Oct 2023","2.83400"
"2023-11-01","01 Nov 2023","2.84312"
"2023-11-02","02 Nov 2023","2.85225"
"2023-11-03","03 Nov 2023","2.85930"
"2023-11-06","06 Nov 2023","2.87260"
"2023-11-07","07 Nov 2023","2.88749"
"2023-11-08","08 Nov 2023","2.89454"
"2023-11-09","09 Nov 2023","2.90160"
"2023-11-10","10 Nov 2023","2.90866"
"2023-11-13","13 Nov 2023","2.92172"
"2023-11-14","14 Nov 2023","2.93686"
"2023-11-15","15 Nov 2023","2.94392"
"2023-11-16","16 Nov 2023","2.95097"
"2023-11-17","17 Nov 2023","2.95804"
"2023-11-20","20 Nov 2023","2.97083"
"2023-11-21","21 Nov 2023","2.98625"
"2023-11-22","22 Nov 2023","2.99330"
"2023-11-23","23 Nov 2023","3.00035"
"2023-11-24","24 Nov 2023","3.00740"
"2023-11-27","27 Nov 2023","3.01995"
"2023-11-28","28 Nov 2023","3.03563"
"2023-11-29","29 Nov 2023","3.04269"
"2023-11-30","30 Nov 2023","3.04975"
"2023-12-01","01 Dec 2023","3.05682"
"2023-12-04","04 Dec 2023","3.06912"
"2023-12-05","05 Dec 2023","3.08511"
"2023-12-06","06 Dec 2023","3.09219"
"2023-12-07","07 Dec 2023","3.09925"
"2023-12-08","08 Dec 2023","3.10632"
"2023-12-11","11 Dec 2023","3.11837"
"2023-12-12","12 Dec 2023","3.13461"
"2023-12-13","13 Dec 2023","3.14169"
"2023-12-14","14 Dec 2023","3.14877"
"2023-12-15","15 Dec 2023","3.15586"
"2023-12-18","18 Dec 2023","3.16765"
"2023-12-19","19 Dec 2023","3.18414"
"2023-12-20","20 Dec 2023","3.19120"
"2023-12-21","21 Dec 2023","3.19827"
"2023-12-22","22 Dec 2023","3.20392"
"2023-12-27","27 Dec 2023","3.23209"
"2023-12-28","28 Dec 2023","3.23773"
"2023-12-29","29 Dec 2023","3.24338"
"2024-01-02","02 Jan 2024","3.26588"
"2024-01-03","03 Jan 2024","3.27154"
"2024-01-04","04 Jan 2024","3.27720"
"2024-01-05","05 Jan 2024","3.28285"
"2024-01-08","08 Jan 2024","3.29260"
"2024-01-09","09 Jan 2024","3.30557"
"2024-01-10","10 Jan 2024","3.31124"
"2024-01-11","11 Jan 2024","3.31692"
"2024-01-12","12 Jan 2024","3.32260"
"2024-01-15","15 Jan 2024","3.33213"
"2024-01-16","16 Jan 2024","3.34529"
"2024-01-17","17 Jan 2024","3.35096"
"2024-01-18","18 Jan 2024","3.35663"
"2024-01-19","19 Jan 2024","3.36231"
"2024-01-22","22 Jan 2024","3.37163"
"2024-01-23","23 Jan 2024","3.38498"
"2024-01-24","24 Jan 2024","3.39065"
"2024-01-25","25 Jan 2024","3.39632"
"2024-01-26","26 Jan 2024","3.40199"
"2024-01-29","29 Jan 2024","3.41110"
"2024-01-30","30 Jan 2024","3.42465"
"2024-01-31","31 Jan 2024","3.43033"
"2024-02-01","01 Feb 2024","3.43600"
"2024-02-02","02 Feb 2024","3.44168"
"2024-02-05","05 Feb 2024","3.45061"
"2024-02-06","06 Feb 2024","3.46445"
"2024-02-07","07 Feb 2024","3.47014"
"2024-02-08","08 Feb 2024","3.47583"
"2024-02-09","09 Feb 2024","3.48010"
"2024-02-12","12 Feb 2024","3.48745"
"2024-02-13","13 Feb 2024","3.49721"
"2024-02-14","14 Feb 2024","3.50150"
"2024-02-15","15 Feb 2024","3.50578"
"2024-02-16","16 Feb 2024","3.51005"
"2024-02-19","19 Feb 2024","3.51724"
"2024-02-20","20 Feb 2024","3.52720"
"2024-02-21","21 Feb 2024","3.53148"
"2024-02-22","22 Feb 2024","3.53578"
"2024-02-23","23 Feb 2024","3.54006"
"2024-02-26","26 Feb 2024","3.54708"
"2024-02-27","27 Feb 2024","3.55718"
"2024-02-28","28 Feb 2024","3.56145"
"2024-02-29","29 Feb 2024","3.56278"
"2024-03-01","01 Mar 2024","3.56702"
"2024-03-04","04 Mar 2024","3.57683"
"2024-03-05","05 Mar 2024","3.57810"
"2024-03-06","06 Mar 2024","3.58834"
"2024-03-07","07 Mar 2024","3.59260"
"2024-03-08","08 Mar 2024","3.59688"
"2024-03-11","11 Mar 2024","3.60662"
"2024-03-12","12 Mar 2024","3.60782"
"2024-03-13","13 Mar 2024","3.61818"
"2024-03-14","14 Mar 2024","3.62245"
"2024-03-15","15 Mar 2024","3.62671"
"2024-03-18","18 Mar 2024","3.63640"
"2024-03-19","19 Mar 2024","3.63754"
"2024-03-20","20 Mar 2024","3.64807"
"2024-03-21","21 Mar 2024","3.65235"
"2024-03-22","22 Mar 2024","3.65662"
"2024-03-25","25 Mar 2024","3.66341"
"2024-03-26","26 Mar 2024","3.66448"
"2024-03-27","27 Mar 2024","3.67092"
"2024-03-28","28 Mar 2024","3.67378"
"2024-04-02","02 Apr 2024","3.68997"
"2024-04-03","03 Apr 2024","3.69096"
"2024-04-04","04 Apr 2024","3.69383"
"2024-04-05","05 Apr 2024","3.69671"
"2024-04-08","08 Apr 2024","3.70148"
"2024-04-09","09 Apr 2024","3.70244"
"2024-04-10","10 Apr 2024","3.70340"
"2024-04-11","11 Apr 2024","3.71380"
"2024-04-12","12 Apr 2024","3.71666"
"2024-04-15","15 Apr 2024","3.72331"
"2024-04-16","16 Apr 2024","3.72421"
"2024-04-17","17 Apr 2024","3.73102"
"2024-04-18","18 Apr 2024","3.73388"
"2024-04-19","19 Apr 2024","3.73674"
"2024-04-22","22 Apr 2024","3.74331"
"2024-04-23","23 Apr 2024","3.74417"
"2024-04-24","24 Apr 2024","3.75102"
"2024-04-25","25 Apr 2024","3.75387"
"2024-04-26","26 Apr 2024","3.75673"
"2024-04-29","29 Apr 2024","3.76324"
"2024-04-30","30 Apr 2024","3.76404"
"2024-05-02","02 May 2024","3.77383"
"2024-05-03","03 May 2024","3.77671"
"2024-05-06","06 May 2024","3.78320"
"2024-05-07","07 May 2024","3.78395"
"2024-05-08","08 May 2024","3.79104"
"2024-05-09","09 May 2024","3.79392"
"2024-05-10","10 May 2024","3.79677"
"2024-05-13","13 May 2024","3.80179"
"2024-05-14","14 May 2024","3.80248"
"2024-05-15","15 May 2024","3.80755"
"2024-05-16","16 May 2024","3.80972"
"2024-05-17","17 May 2024","3.81186"
"2024-05-20","20 May 2024","3.81675"
"2024-05-21","21 May 2024","3.81740"
"2024-05-22","22 May 2024","3.82254"
"2024-05-23","23 May 2024","3.82470"
"2024-05-24","24 May 2024","3.82684"
"2024-05-27","27 May 2024","3.83179"
"2024-05-28","28 May 2024","3.83242"
"2024-05-29","29 May 2024","3.83762"
"2024-05-30","30 May 2024","3.83978"
"2024-05-31","31 May 2024","3.84194"
"2024-06-03","03 Jun 2024","3.84672"
"2024-06-04","04 Jun 2024","3.84731"
"2024-06-05","05 Jun 2024","3.85263"
"2024-06-06","06 Jun 2024","3.85480"
"2024-06-07","07 Jun 2024","3.85698"
"2024-06-10","10 Jun 2024","3.86189"
"2024-06-11","11 Jun 2024","3.86244"
"2024-06-12","12 Jun 2024","3.86784"
"2024-06-13","13 Jun 2024","3.86930"
"2024-06-14","14 Jun 2024","3.87076"
"2024-06-17","17 Jun 2024","3.87349"
"2024-06-18","18 Jun 2024","3.87331"
"2024-06-19","19 Jun 2024","3.87810"
"2024-06-20","20 Jun 2024","3.87957"
"2024-06-21","21 Jun 2024","3.88105"
"2024-06-24","24 Jun 2024","3.88237"
"2024-06-25","25 Jun 2024","3.88216"
"2024-06-26","26 Jun 2024","3.88481"
"2024-06-27","27 Jun 2024","3.88555"
"2024-06-28","28 Jun 2024","3.88631"
"2024-07-01","01 Jul 2024","3.89044"
"2024-07-02","02 Jul 2024","3.89021"
"2024-07-03","03 Jul 2024","3.88998"
"2024-07-04","04 Jul 2024","3.89073"
"2024-07-05","05 Jul 2024","3.89148"
"2024-07-08","08 Jul 2024","3.89271"
"2024-07-09","09 Jul 2024","3.89248"
"2024-07-10","10 Jul 2024","3.89513"
"2024-07-11","11 Jul 2024","3.89587"
"2024-07-12","12 Jul 2024","3.89660"
"2024-07-15","15 Jul 2024","3.89782"
"2024-07-16","16 Jul 2024","3.89757"
"2024-07-17","17 Jul 2024","3.90028"
"2024-07-18","18 Jul 2024","3.90102"
"2024-07-19","19 Jul 2024","3.90177"
"2024-07-22","22 Jul 2024","3.90300"
"2024-07-23","23 Jul 2024","3.90274"
"2024-07-24","24 Jul 2024","3.90547"
"2024-07-25","25 Jul 2024","3.90621"
"2024-07-26","26 Jul 2024","3.90695"
"2024-07-29","29 Jul 2024","3.90816"
"2024-07-30","30 Jul 2024","3.90789"
"2024-07-31","31 Jul 2024","3.91064"
"2024-08-01","01 Aug 2024","3.91138"
"2024-08-02","02 Aug 2024","3.91212"
"2024-08-05","05 Aug 2024","3.91190"
"2024-08-06","06 Aug 2024","3.91162"
"2024-08-07","07 Aug 2024","3.91227"
"2024-08-08","08 Aug 2024","3.91230"
"2024-08-09","09 Aug 2024","3.91234"
"2024-08-12","12 Aug 2024","3.91212"
"2024-08-13","13 Aug 2024","3.91184"
"2024-08-14","14 Aug 2024","3.91250"
"2024-08-15","15 Aug 2024","3.91251"
"2024-08-16","16 Aug 2024","3.91253"
"2024-08-19","19 Aug 2024","3.91230"
"2024-08-20","20 Aug 2024","3.91202"
"2024-08-21","21 Aug 2024","3.91266"
"2024-08-22","22 Aug 2024","3.91269"
"2024-08-23","23 Aug 2024","3.91271"
"2024-08-26","26 Aug 2024","3.91251"
"2024-08-27","27 Aug 2024","3.91223"
"2024-08-28","28 Aug 2024","3.91290"
"2024-08-29","29 Aug 2024","3.91294"
"2024-08-30","30 Aug 2024","3.91297"
"2024-09-02","02 Sep 2024","3.91269"
"2024-09-03","03 Sep 2024","3.91241"
"2024-09-04","04 Sep 2024","3.91307"
"2024-09-05","05 Sep 2024","3.91311"
"2024-09-06","06 Sep 2024","3.91314"
"2024-09-09","09 Sep 2024","3.91291"
"2024-09-10","10 Sep 2024","3.91263"
"2024-09-11","11 Sep 2024","3.91329"
"2024-09-12","12 Sep 2024","3.91332"
"2024-09-13","13 Sep 2024","3.91335"
"2024-09-16","16 Sep 2024","3.91312"
"2024-09-17","17 Sep 2024","3.91284"
"2024-09-18","18 Sep 2024","3.91352"
"2024-09-19","19 Sep 2024","3.91286"
"2024-09-20","20 Sep 2024","3.91219"
"2024-09-23","23 Sep 2024","3.90842"
"2024-09-24","24 Sep 2024","3.90745"
"2024-09-25","25 Sep 2024","3.90522"
"2024-09-26","26 Sep 2024","3.90384"
"2024-09-27","27 Sep 2024","3.90245"
"2024-09-30","30 Sep 2024","3.89871"
"2024-10-01","01 Oct 2024","3.89663"
"2024-10-02","02 Oct 2024","3.89569"
"2024-10-03","03 Oct 2024","3.89430"
"2024-10-04","04 Oct 2024","3.89290"
"2024-10-07","07 Oct 2024","3.88921"
"2024-10-08","08 Oct 2024","3.88828"
"2024-10-09","09 Oct 2024","3.88600"
"2024-10-10","10 Oct 2024","3.88463"
"2024-10-11","11 Oct 2024","3.88325"
"2024-10-14","14 Oct 2024","3.87957"
"2024-10-15","15 Oct 2024","3.87867"
"2024-10-16","16 Oct 2024","3.87630"
"2024-10-17","17 Oct 2024","3.87492"
"2024-10-18","18 Oct 2024","3.87353"
"2024-10-21","21 Oct 2024","3.86987"
"2024-10-22","22 Oct 2024","3.86900"
"2024-10-23","23 Oct 2024","3.86658"
"2024-10-24","24 Oct 2024","3.86448"
"2024-10-25","25 Oct 2024","3.86239"
"2024-10-28","28 Oct 2024","3.85667"
"2024-10-29","29 Oct 2024","3.85512"
"2024-10-30","30 Oct 2024","3.85193"
"2024-10-31","31 Oct 2024","3.84985"
"2024-11-01","01 Nov 2024","3.84778"
"2024-11-04","04 Nov 2024","3.84207"
"2024-11-05","05 Nov 2024","3.84056"
"2024-11-06","06 Nov 2024","3.83730"
"2024-11-07","07 Nov 2024","3.83520"
"2024-11-08","08 Nov 2024","3.83311"
"2024-11-11","11 Nov 2024","3.82743"
"2024-11-12","12 Nov 2024","3.82596"
"2024-11-13","13 Nov 2024","3.82260"
"2024-11-14","14 Nov 2024","3.82050"
"2024-11-15","15 Nov 2024","3.81841"
"2024-11-18","18 Nov 2024","3.81279"
"2024-11-19","19 Nov 2024","3.81136"
"2024-11-20","20 Nov 2024","3.80795"
"2024-11-21","21 Nov 2024","3.80587"
"2024-11-22","22 Nov 2024","3.80378"
"2024-11-25","25 Nov 2024","3.79823"
"2024-11-26","26 Nov 2024","3.79684"
"2024-11-27","27 Nov 2024","3.79334"
"2024-11-28","28 Nov 2024","3.79125"
"2024-11-29","29 Nov 2024","3.78915"
"2024-12-02","02 Dec 2024","3.78362"
"2024-12-03","03 Dec 2024","3.78227"
"2024-12-04","04 Dec 2024","3.77869"
"2024-12-05","05 Dec 2024","3.77660"
"2024-12-06","06 Dec 2024","3.77450"
"2024-12-09","09 Dec 2024","3.76899"
"2024-12-10","10 Dec 2024","3.76767"
"2024-12-11","11 Dec 2024","3.76402"
"2024-12-12","12 Dec 2024","3.76193"
"2024-12-13","13 Dec 2024","3.75982"
"2024-12-16","16 Dec 2024","3.75435"
"2024-12-17","17 Dec 2024","3.75308"
"2024-12-18","18 Dec 2024","3.74935"
"2024-12-19","19 Dec 2024","3.74656"
"2024-12-20","20 Dec 2024","3.74377"
"2024-12-23","23 Dec 2024","3.73625"
"2024-12-24","24 Dec 2024","3.73431"
"2024-12-27","27 Dec 2024","3.72419"
"2024-12-30","30 Dec 2024","3.71672"
"2024-12-31","31 Dec 2024","3.71484"
"2025-01-02","02 Jan 2025","3.70759"
"2025-01-03","03 Jan 2025","3.70480"
"2025-01-06","06 Jan 2025","3.69739"
"2025-01-07","07 Jan 2025","3.69557"
"2025-01-08","08 Jan 2025","3.69083"
"2025-01-09","09 Jan 2025","3.68803"
"2025-01-10","10 Jan 2025","3.68524"
"2025-01-13","13 Jan 2025","3.67785"
"2025-01-14","14 Jan 2025","3.67609"
"2025-01-15","15 Jan 2025","3.67126"
"2025-01-16","16 Jan 2025","3.66847"
"2025-01-17","17 Jan 2025","3.66568"
"2025-01-20","20 Jan 2025","3.65837"
"2025-01-21","21 Jan 2025","3.65666"
"2025-01-22","22 Jan 2025","3.65173"
"2025-01-23","23 Jan 2025","3.64895"
"2025-01-24","24 Jan 2025","3.64617"
"2025-01-27","27 Jan 2025","3.63893"
"2025-01-28","28 Jan 2025","3.63727"
"2025-01-29","29 Jan 2025","3.63225"
"2025-01-30","30 Jan 2025","3.62946"
"2025-01-31","31 Jan 2025","3.62667"
"2025-02-03","03 Feb 2025","3.61943"
"2025-02-04","04 Feb 2025","3.61782"
"2025-02-05","05 Feb 2025","3.61266"
"2025-02-06","06 Feb 2025","3.60915"
"2025-02-07","07 Feb 2025","3.60564"
"2025-02-10","10 Feb 2025","3.59632"
"2025-02-11","11 Feb 2025","3.59405"
"2025-02-12","12 Feb 2025","3.58802"
"2025-02-13","13 Feb 2025","3.58450"
"2025-02-14","14 Feb 2025","3.58098"
"2025-02-17","17 Feb 2025","3.57172"
"2025-02-18","18 Feb 2025","3.56952"
"2025-02-19","19 Feb 2025","3.56338"
"2025-02-20","20 Feb 2025","3.55985"
"2025-02-21","21 Feb 2025","3.55633"
"2025-02-24","24 Feb 2025","3.54714"
"2025-02-25","25 Feb 2025","3.54501"
"2025-02-26","26 Feb 2025","3.53875"
"2025-02-27","27 Feb 2025","3.53525"
"2025-02-28","28 Feb 2025","3.53174"
"2025-03-03","03 Mar 2025","3.52263"
"2025-03-04","04 Mar 2025","3.51626"
"2025-03-05","05 Mar 2025","3.51274"
"2025-03-06","06 Mar 2025","3.50920"
"2025-03-07","07 Mar 2025","3.50569"
"2025-03-10","10 Mar 2025","3.49811"
"2025-03-11","11 Mar 2025","3.49159"
"2025-03-12","12 Mar 2025","3.48807"
"2025-03-13","13 Mar 2025","3.48383"
"2025-03-14","14 Mar 2025","3.47960"
"2025-03-17","17 Mar 2025","3.47006"
"2025-03-18","18 Mar 2025","3.46268"
"2025-03-19","19 Mar 2025","3.45845"
"2025-03-20","20 Mar 2025","3.45422"
"2025-03-21","21 Mar 2025","3.44999"
"2025-03-24","24 Mar 2025","3.44062"
"2025-03-25","25 Mar 2025","3.43308"
"2025-03-26","26 Mar 2025","3.42885"
"2025-03-27","27 Mar 2025","3.42463"
"2025-03-28","28 Mar 2025","3.42041"
"2025-03-31","31 Mar 2025","3.41291"
"2025-04-01","01 Apr 2025","3.40189"
"2025-04-02","02 Apr 2025","3.39942"
"2025-04-03","03 Apr 2025","3.39520"
"2025-04-04","04 Apr 2025","3.39097"
"2025-04-07","07 Apr 2025","3.38188"
"2025-04-08","08 Apr 2025","3.37404"
"2025-04-09","09 Apr 2025","3.36981"
"2025-04-10","10 Apr 2025","3.36558"
"2025-04-11","11 Apr 2025","3.36136"
"2025-04-14","14 Apr 2025","3.35245"
"2025-04-15","15 Apr 2025","3.34444"
"2025-04-16","16 Apr 2025","3.34022"
"2025-04-17","17 Apr 2025","3.33599"
"2025-04-22","22 Apr 2025","3.31486"
"2025-04-23","23 Apr 2025","3.31063"
"2025-04-24","24 Apr 2025","3.30570"
"2025-04-25","25 Apr 2025","3.30077"
"2025-04-28","28 Apr 2025","3.29008"
"2025-04-29","29 Apr 2025","3.28106"
"2025-04-30","30 Apr 2025","3.27614"
"2025-05-02","02 May 2025","3.26633"
"2025-05-05","05 May 2025","3.25583"
"2025-05-06","06 May 2025","3.24663"
"2025-05-07","07 May 2025","3.24170"
"2025-05-08","08 May 2025","3.23679"
"2025-05-09","09 May 2025","3.23188"
"2025-05-12","12 May 2025","3.22160"
"2025-05-13","13 May 2025","3.21224"
"2025-05-14","14 May 2025","3.20734"
"2025-05-15","15 May 2025","3.20243"
"2025-05-16","16 May 2025","3.19752"
"2025-05-19","19 May 2025","3.18742"
"2025-05-20","20 May 2025","3.17793"
"2025-05-21","21 May 2025","3.17304"
"2025-05-22","22 May 2025","3.16811"
"2025-05-23","23 May 2025","3.16320"
"2025-05-26","26 May 2025","3.15326"
"2025-05-27","27 May 2025","3.14351"
